9,6120.0,2,2,0,1774.0,129900.0
223,11475.0,3,2,1,1552.0,179900.0
740,9313.0,3,2,1,1728.0,190000.0
600,1950.0,3,2,1,1556.0,151000.0
266,12090.0,3,2,0,1422.0,175500.0
358,4224.0,3,1,1,1142.0,134000.0
179,17423.0,1,2,0,2234.0,501837.0
1055,11367.0,3,2,1,1989.0,255000.0
1248,12328.0,3,1,0,1034.0,169900.0
1410,20544.0,3,2,1,2093.0,215000.0
836,9600.0,2,2,0,1067.0,128000.0
843,9020.0,3,1,1,1165.0,174900.0
42,16905.0,2,1,1,1328.0,170000.0
906,9920.0,3,1,0,1063.0,128000.0
931,8925.0,3,2,0,1466.0,201000.0
815,8248.0,3,1,1,1250.0,116000.0
1197,14054.0,4,2,1,1863.0,219210.0
378,11143.0,4,3,0,2466.0,340000.0
705,8400.0,3,2,0,1484.0,213000.0
11,11200.0,3,1,0,1040.0,129500.0
1444,8854.0,2,1,0,952.0,121000.0
203,7000.0,2,2,0,1310.0,112000.0
1022,7406.0,2,2,0,1220.0,194000.0
1080,8775.0,3,1,0,990.0,126000.0
940,24090.0,4,2,0,2403.0,244400.0
1225,15384.0,3,2,1,1490.0,184000.0
604,3182.0,2,2,1,1200.0,151000.0
79,10778.0,4,2,0,1768.0,136500.0
212,10420.0,3,2,0,1212.0,186000.0
356,11249.0,3,2,0,1200.0,177500.0
933,11670.0,3,2,0,1905.0,320000.0
1429,7200.0,2,1,0,804.0,119000.0
698,6420.0,2,1,0,1148.0,123500.0
851,4435.0,1,1,0,848.0,131500.0
876,9000.0,4,2,1,2610.0,303477.0
1138,6342.0,2,1,0,1020.0,94000.0
887,8393.0,4,2,0,1712.0,145000.0
713,4671.0,2,2,0,1228.0,189000.0
1249,9600.0,3,1,1,2058.0,129500.0
448,11214.0,4,2,1,1886.0,199900.0
493,15578.0,3,2,1,1456.0,172785.0
711,4130.0,2,1,0,729.0,52000.0
224,10500.0,2,1,0,864.0,97000.0
317,13005.0,4,2,1,2353.0,260000.0
1315,8190.0,3,1,0,948.0,119000.0
384,9000.0,2,1,0,784.0,76000.0
1457,13175.0,3,2,0,2073.0,210000.0
1434,10261.0,3,2,1,1792.0,186500.0
206,11851.0,3,2,0,1442.0,180500.0
632,4590.0,2,2,0,1554.0,209500.0
129,7590.0,3,1,1,1348.0,155000.0
423,21750.0,2,1,0,988.0,113000.0
250,159000.0,4,2,0,2144.0,277000.0
49,4456.0,2,2,0,1452.0,113000.0
1362,16158.0,3,2,0,1530.0,260000.0
901,7340.0,2,1,0,858.0,110000.0
1293,6600.0,4,2,0,2372.0,107500.0
30,6324.0,1,1,0,520.0,68500.0
473,3675.0,2,1,0,1072.0,148000.0
950,9360.0,3,1,1,1381.0,197500.0
319,9900.0,4,2,1,2646.0,260000.0
1433,10800.0,4,2,0,968.0,64500.0
586,11443.0,2,2,0,2028.0,369900.0
721,6563.0,2,2,0,1742.0,275000.0
1453,3675.0,2,1,0,1072.0,145000.0
145,9100.0,6,2,0,1728.0,125000.0
455,9297.0,4,2,0,1728.0,188000.0
254,9350.0,3,2,0,1302.0,158000.0
916,2001.0,3,1,1,1092.0,75000.0
132,12224.0,3,2,1,2054.0,244000.0
113,9965.0,4,2,1,2696.0,383970.0
495,5784.0,2,1,0,886.0,91300.0
543,10140.0,3,2,0,1680.0,213250.0
828,8529.0,3,2,0,1434.0,189000.0
244,10762.0,3,1,1,1217.0,120000.0
1114,8923.0,2,1,0,1008.0,134500.0
772,8877.0,2,1,0,1220.0,102000.0
1047,16056.0,4,3,1,2868.0,556581.0
636,10896.0,8,2,0,3395.0,200000.0
1327,4270.0,3,1,0,774.0,79000.0
165,5400.0,3,2,0,1616.0,152000.0
114,21000.0,3,2,0,2259.0,217000.0
1000,6762.0,2,2,0,1208.0,206000.0
1338,4118.0,2,1,0,693.0,52500.0
1350,5250.0,4,2,0,2358.0,122000.0
651,8125.0,3,2,1,1665.0,205950.0
897,8765.0,2,1,0,951.0,106500.0
312,8000.0,2,1,0,972.0,132000.0
1194,4500.0,2,2,0,1224.0,165000.0
1345,11103.0,3,2,1,1456.0,155835.0
487,10289.0,3,1,1,1073.0,156000.0
1215,10205.0,3,1,0,999.0,134500.0
446,9855.0,3,1,0,1689.0,127500.0
992,17671.0,4,1,1,1742.0,168000.0
616,8800.0,3,1,0,1054.0,137500.0
1108,23257.0,3,2,1,2021.0,274725.0
718,10000.0,3,1,1,1178.0,157000.0
827,6130.0,2,1,0,784.0,109500.0
1116,12085.0,3,2,0,1734.0,318000.0
1396,12665.0,4,2,1,2482.0,281213.0
151,10356.0,3,1,1,969.0,122000.0
980,8816.0,3,1,0,1121.0,139000.0
923,10237.0,3,2,0,1316.0,169990.0
750,8405.0,4,2,0,1529.0,98000.0
315,9600.0,3,1,1,1641.0,178000.0
278,19138.0,2,1,0,864.0,141000.0
1010,6000.0,4,2,0,1522.0,102000.0
1074,7950.0,3,1,1,1426.0,159500.0
761,9100.0,2,1,0,864.0,127500.0
682,4500.0,3,1,0,1520.0,159434.0
470,9291.0,3,2,1,1710.0,187000.0
144,10335.0,3,2,0,1501.0,204000.0
1385,9060.0,2,1,0,1258.0,105000.0
913,6120.0,3,1,0,1015.0,88000.0
1392,8944.0,4,2,0,1584.0,124000.0
1348,15306.0,3,2,0,1776.0,283463.0
416,8899.0,3,2,0,1340.0,181134.0
883,9636.0,3,2,1,1593.0,178000.0
582,12704.0,3,2,1,2042.0,253293.0
589,25095.0,1,1,0,1473.0,143000.0
1296,8400.0,3,1,1,1052.0,138500.0
104,10402.0,3,2,0,1226.0,198900.0
341,14191.0,4,2,1,1908.0,202900.0
994,8846.0,3,2,1,1500.0,173900.0
1353,6000.0,2,1,0,1176.0,134900.0
90,8070.0,3,1,0,990.0,123600.0
921,8462.0,3,2,1,1721.0,201000.0
1339,13450.0,3,2,1,1861.0,200000.0
1330,9084.0,3,2,1,1632.0,176500.0
875,5720.0,3,1,1,1131.0,66500.0
1171,9880.0,3,1,0,1118.0,171000.0
524,40094.0,3,3,1,4676.0,184750.0
1382,12925.0,4,2,1,2117.0,237500.0
575,10500.0,3,1,0,1109.0,139000.0
1003,11957.0,3,2,0,1574.0,232000.0
1395,4045.0,2,2,0,1500.0,246578.0
1227,14598.0,4,2,1,1933.0,214000.0
439,4280.0,2,1,0,694.0,90350.0
217,8450.0,3,2,0,1436.0,210000.0
676,2289.0,3,2,1,1441.0,148500.0
195,7180.0,3,1,0,864.0,127000.0
710,7162.0,3,1,0,904.0,109900.0
1316,11075.0,4,2,1,2112.0,206900.0
239,12030.0,3,2,0,1694.0,318000.0
839,9525.0,3,1,1,1099.0,144000.0
1043,5381.0,1,2,0,1306.0,196000.0
347,12772.0,2,1,0,958.0,151500.0
579,3604.0,2,2,0,1392.0,146000.0
628,9600.0,3,1,0,1520.0,153000.0
160,19378.0,4,2,1,2462.0,320000.0
64,10300.0,3,2,0,1710.0,140000.0
1386,5436.0,3,1,0,1154.0,125500.0
1456,7917.0,3,2,1,1647.0,175000.0
306,10386.0,3,2,0,2000.0,305900.0
21,14215.0,4,3,1,2376.0,325300.0
708,6240.0,2,2,0,1324.0,254000.0
978,4274.0,1,1,1,1241.0,199900.0
232,15138.0,4,2,1,2794.0,403000.0
1393,7838.0,3,1,0,900.0,123000.0
974,11639.0,3,2,0,1428.0,182000.0
131,14200.0,4,2,1,2157.0,226000.0
796,8400.0,3,2,1,1564.0,171000.0
1011,21286.0,4,2,0,1271.0,135000.0
967,9600.0,2,1,1,1308.0,160000.0
674,14442.0,3,2,0,1839.0,257500.0
1242,9849.0,3,2,0,1689.0,248328.0
987,5310.0,2,1,0,1635.0,117000.0
292,5687.0,6,2,0,1716.0,135900.0
832,3180.0,2,2,1,1200.0,151000.0
704,7630.0,4,2,0,1812.0,140000.0
1007,12155.0,3,2,0,1657.0,163500.0
778,13350.0,3,1,0,894.0,142500.0
376,10020.0,1,0,1,904.0,61000.0
36,13418.0,4,3,1,2452.0,309000.0
858,8125.0,3,2,1,1481.0,174000.0
1039,1533.0,3,1,1,1344.0,97000.0
969,5925.0,2,1,0,968.0,37900.0
958,7420.0,3,1,0,1057.0,132000.0
271,10728.0,3,2,1,1939.0,266000.0
968,7390.0,3,1,0,1098.0,135000.0
786,9790.0,3,2,0,1342.0,161500.0
1091,8544.0,2,2,0,1040.0,92900.0
31,8500.0,3,1,0,1317.0,40000.0
15,10920.0,2,1,1,1253.0,157000.0
1067,7837.0,3,2,1,1571.0,178000.0
580,12150.0,4,2,0,1795.0,131500.0
485,7758.0,3,1,0,999.0,132500.0
1144,9000.0,3,1,0,1006.0,80000.0
647,7200.0,3,1,0,1048.0,98300.0
1136,6180.0,2,1,0,986.0,102000.0
1270,11344.0,3,1,1,1524.0,144000.0
792,11333.0,3,1,0,1062.0,146800.0
1051,8993.0,3,2,0,1302.0,176485.0
410,10800.0,3,2,1,2078.0,339750.0
583,11841.0,3,1,0,816.0,118500.0
764,9430.0,3,2,1,2365.0,337000.0
556,6380.0,2,1,0,1048.0,113000.0
1143,9965.0,4,3,0,2828.0,424870.0
398,7590.0,4,2,0,1812.0,169500.0
938,9675.0,3,2,1,1971.0,253000.0
1223,10496.0,3,2,0,1846.0,143000.0
747,8795.0,4,2,1,2256.0,236000.0
303,13704.0,3,2,0,1541.0,205000.0
696,13811.0,2,2,0,1137.0,176000.0
501,1890.0,3,1,1,1218.0,113000.0
702,9600.0,3,1,1,1164.0,140000.0
517,10448.0,3,2,1,2119.0,158000.0
645,9187.0,2,2,1,1766.0,370878.0
198,25419.0,4,2,0,3112.0,235000.0
514,9187.0,3,1,1,1080.0,134000.0
768,12508.0,4,2,0,1750.0,160000.0
1337,9246.0,4,2,0,1656.0,135000.0
942,8755.0,3,2,1,2060.0,214000.0
523,5000.0,3,2,0,1664.0,159000.0
69,4608.0,2,1,0,747.0,80000.0
1070,9600.0,2,1,0,893.0,135000.0
225,13472.0,3,2,0,2392.0,386250.0
1019,10784.0,3,2,1,1472.0,160000.0
574,9967.0,3,2,1,1430.0,170000.0
863,9672.0,3,2,0,1097.0,152000.0
715,13517.0,3,2,1,1479.0,130500.0
156,9600.0,2,1,0,1096.0,79000.0
902,8712.0,2,1,0,1306.0,153000.0
60,7200.0,2,1,0,780.0,124900.0
1261,24682.0,3,2,1,1675.0,181000.0
617,7861.0,3,2,1,1509.0,183200.0
837,8100.0,2,1,0,1559.0,153500.0
722,4426.0,1,1,0,848.0,143000.0
295,9600.0,3,1,0,1644.0,167000.0
585,6120.0,3,1,0,1573.0,133000.0
1216,7094.0,3,1,0,894.0,125000.0
1173,4017.0,2,2,1,1250.0,171900.0
944,25000.0,4,2,0,1632.0,143000.0
322,12099.0,4,2,1,2468.0,354000.0
1060,11275.0,3,1,1,1991.0,220000.0
609,12168.0,4,2,1,3194.0,359100.0
1387,16692.0,5,3,1,2784.0,250000.0
783,16285.0,3,2,0,1430.0,187100.0
1455,7500.0,2,2,0,1221.0,185000.0
810,8100.0,2,2,0,2138.0,106000.0
458,53227.0,2,1,0,1663.0,256000.0
467,10628.0,2,1,0,1277.0,167000.0
1450,1533.0,1,1,0,630.0,92000.0
1354,14720.0,4,2,1,3238.0,410000.0
1228,8872.0,2,1,0,912.0,147000.0
737,8544.0,2,2,0,1040.0,93500.0
330,6402.0,3,1,0,1192.0,78000.0
886,5119.0,2,2,0,1709.0,328900.0
657,10007.0,3,1,1,1053.0,145500.0
1104,8910.0,3,1,0,1194.0,159500.0
928,9900.0,4,2,1,1978.0,176000.0
846,16647.0,3,2,0,1701.0,171000.0
246,10400.0,3,2,0,1872.0,241500.0
413,4403.0,2,2,1,1478.0,222000.0
134,6853.0,2,2,0,1296.0,220000.0
779,8400.0,4,2,0,2020.0,144000.0
1394,10800.0,3,2,0,1912.0,163000.0
1422,4043.0,2,2,0,1069.0,127500.0
95,9337.0,3,2,1,1786.0,204750.0
1408,8780.0,3,1,0,833.0,112000.0
1323,10186.0,3,2,1,1923.0,190000.0
1357,9477.0,3,1,0,892.0,110000.0
462,7200.0,3,1,0,1135.0,155000.0
366,10690.0,3,1,0,1344.0,147000.0
359,6930.0,3,1,0,1352.0,130000.0
732,9590.0,3,2,0,1146.0,187500.0
112,7750.0,3,2,1,1430.0,180000.0
926,15611.0,3,2,0,1126.0,175000.0
1202,10400.0,3,2,1,1779.0,197900.0
460,7015.0,3,1,0,1203.0,110000.0
831,11900.0,3,1,1,1392.0,166000.0
494,7931.0,3,1,1,1269.0,155000.0
638,6000.0,3,2,0,1387.0,93000.0
1168,10852.0,3,2,1,1671.0,173000.0
1033,14541.0,5,2,1,2520.0,310000.0
742,6768.0,3,1,0,912.0,142000.0
454,9000.0,3,2,1,1590.0,210000.0
327,10846.0,1,1,1,1719.0,324000.0
850,9600.0,3,2,1,1855.0,187000.0
208,12493.0,3,1,0,1100.0,141000.0
774,10150.0,2,1,0,912.0,114500.0
142,11645.0,3,2,0,1734.0,260000.0
222,8068.0,4,2,1,2267.0,200000.0
935,27650.0,4,2,0,2069.0,242000.0
102,9206.0,3,2,1,1732.0,178000.0
511,14559.0,2,1,0,1363.0,164900.0
339,14145.0,3,2,0,1621.0,202500.0
408,15576.0,4,2,0,1680.0,177000.0
507,9554.0,3,2,1,1911.0,215000.0
608,7800.0,3,3,0,2008.0,225000.0
1301,10762.0,3,2,1,1983.0,225000.0
860,11029.0,4,2,1,2654.0,250000.0
570,7032.0,2,1,0,943.0,135960.0
1140,8731.0,3,1,0,1167.0,144000.0
383,9245.0,3,2,1,1797.0,213500.0
504,15602.0,1,2,0,1801.0,289000.0
1045,9600.0,4,2,1,2524.0,278000.0
735,8978.0,3,1,0,948.0,108000.0
1142,10304.0,4,2,1,1868.0,197500.0
80,10440.0,2,1,1,1230.0,110000.0
520,10918.0,3,1,1,2080.0,234000.0
655,10437.0,2,2,1,2113.0,350000.0
28,11478.0,3,2,0,1704.0,306000.0
286,4251.0,2,2,1,1250.0,164700.0
1383,7200.0,4,1,1,1762.0,157000.0
505,2308.0,3,2,1,1322.0,147000.0
1399,7200.0,3,1,1,1904.0,138000.0
1101,8400.0,1,1,0,438.0,60000.0
1255,6931.0,3,2,1,1656.0,165400.0
577,6292.0,3,2,0,1477.0,145000.0
503,9170.0,2,1,0,1214.0,140000.0
1290,11065.0,3,2,1,1970.0,281000.0
245,8880.0,3,2,1,2110.0,205000.0
1090,3316.0,1,1,1,1247.0,197000.0
230,3182.0,2,2,0,1555.0,192500.0
304,9800.0,3,1,0,894.0,149900.0
1447,26142.0,3,1,0,1188.0,157900.0
253,8366.0,3,2,1,1640.0,173000.0
813,8712.0,2,1,0,1044.0,55993.0
289,9819.0,3,1,0,900.0,122000.0
171,12358.0,2,1,1,1382.0,128500.0
1149,5700.0,2,1,0,1111.0,116900.0
549,8235.0,2,1,0,825.0,125000.0
835,7875.0,3,1,0,1144.0,139950.0
671,8633.0,3,2,1,1476.0,173500.0
148,9505.0,3,2,1,2035.0,222500.0
1187,10615.0,3,2,0,1699.0,95000.0
1402,7415.0,3,2,1,1593.0,193000.0
1405,10410.0,3,1,0,1214.0,105000.0
1442,4426.0,1,1,0,848.0,149300.0
407,10480.0,3,1,0,1639.0,115000.0
1241,8158.0,3,2,1,1768.0,224900.0
798,7677.0,2,1,0,773.0,110000.0
1325,9986.0,2,2,0,1795.0,147000.0
1210,10182.0,3,2,0,1660.0,290000.0
1065,11000.0,3,1,1,1154.0,154000.0
500,7535.0,2,1,0,912.0,120000.0
1234,12160.0,3,1,0,1188.0,142000.0
771,7252.0,2,1,0,858.0,134900.0
537,8924.0,3,2,1,1724.0,188000.0
421,7060.0,2,2,0,1344.0,206300.0
981,12122.0,3,1,0,999.0,178400.0
1184,10800.0,2,1,0,1130.0,120000.0
629,11606.0,5,1,2,2080.0,135000.0
949,14006.0,3,2,1,1776.0,192500.0
937,10083.0,2,2,0,1200.0,184900.0
135,10335.0,3,2,1,1721.0,180000.0
991,9452.0,3,2,1,2392.0,348000.0
642,7050.0,3,2,1,1929.0,226000.0
1280,7500.0,2,1,0,1128.0,68400.0
658,7200.0,3,1,1,1502.0,149000.0
888,16466.0,3,1,1,1393.0,135500.0
1220,1680.0,3,1,1,1218.0,91500.0
1305,3363.0,3,2,0,1708.0,130000.0
197,9416.0,3,2,0,1726.0,311872.0
539,11553.0,3,1,1,1159.0,158000.0
424,9200.0,4,2,1,2630.0,315000.0
1,8450.0,3,2,1,1710.0,208500.0
833,9548.0,3,2,1,1829.0,237000.0
826,14803.0,2,2,0,2084.0,385000.0
1028,9520.0,3,2,0,1646.0,293077.0
1415,13053.0,4,1,1,1848.0,207000.0
738,10463.0,3,2,1,1801.0,239900.0
660,9937.0,3,1,0,1486.0,167000.0
553,11146.0,3,2,0,1717.0,255500.0
567,11198.0,4,2,1,2504.0,325000.0
896,7056.0,4,1,1,1796.0,140000.0
592,13478.0,3,2,1,2296.0,451950.0
184,11426.0,3,2,1,2082.0,200000.0
1008,2217.0,3,1,1,1092.0,88000.0
1412,9600.0,3,1,1,1668.0,140000.0
83,10206.0,3,2,0,1563.0,245000.0
489,10800.0,3,2,0,2414.0,160000.0
587,10267.0,2,1,0,838.0,130000.0
1322,6627.0,2,1,0,720.0,72500.0
555,10625.0,3,2,1,2046.0,284000.0
57,2645.0,3,2,1,1739.0,172500.0
126,6780.0,2,1,0,754.0,84500.0
190,4923.0,0,1,1,1593.0,286000.0
89,8470.0,2,1,0,1526.0,85000.0
12,11924.0,4,3,0,2324.0,345000.0
1324,5330.0,2,1,0,708.0,82500.0
649,7700.0,4,1,1,1839.0,155000.0
712,8712.0,2,1,0,1178.0,102776.0
526,7500.0,3,2,0,1266.0,176000.0
1346,6000.0,2,1,0,960.0,108500.0
1274,11512.0,2,1,0,1357.0,177000.0
360,12011.0,3,2,1,1924.0,280000.0
1099,6000.0,3,1,0,1324.0,128000.0
147,6120.0,2,1,0,875.0,105000.0
960,2572.0,3,2,1,1416.0,155000.0
856,6897.0,3,1,1,1040.0,127000.0
262,9588.0,3,2,1,2574.0,276000.0
857,10970.0,3,1,0,1026.0,147000.0
428,8593.0,3,1,0,907.0,109008.0
666,11194.0,3,2,1,1936.0,230500.0
25,8246.0,3,1,0,1060.0,154000.0
1231,18890.0,4,2,2,2620.0,190000.0
471,6820.0,1,1,1,1502.0,212000.0
333,10655.0,3,2,0,1629.0,284000.0
952,7800.0,3,1,0,965.0,119900.0
868,6970.0,3,1,1,1120.0,129000.0
499,7800.0,3,1,0,899.0,130000.0
233,1680.0,2,1,1,987.0,94500.0
1015,11664.0,2,1,0,1082.0,119200.0
480,5925.0,2,1,0,1131.0,89471.0
714,9873.0,3,1,0,960.0,129000.0
599,12984.0,3,2,0,1647.0,217500.0
1097,6882.0,3,1,1,1355.0,127000.0
947,8163.0,3,1,0,1144.0,143000.0
853,7128.0,4,2,0,1646.0,164000.0
163,12182.0,3,2,0,1541.0,220000.0
1370,10635.0,3,2,0,1668.0,232000.0
551,4043.0,2,2,0,1069.0,140000.0
390,12474.0,3,2,1,2332.0,426000.0
1253,9858.0,3,1,0,874.0,130000.0
1224,10680.0,4,2,0,2136.0,137900.0
418,22420.0,4,2,1,2624.0,239000.0
1356,10192.0,4,3,0,1920.0,170000.0
630,9020.0,3,1,1,1350.0,168500.0
490,1526.0,1,1,0,630.0,86000.0
1175,16560.0,4,2,1,2345.0,239000.0
153,14803.0,4,2,1,1993.0,190000.0
199,5520.0,5,1,0,2229.0,104000.0
479,10637.0,3,2,0,1718.0,297000.0
1272,9156.0,3,2,0,1489.0,185750.0
1169,13728.0,4,2,0,2108.0,235000.0
1156,10768.0,3,2,0,1437.0,218000.0
656,1680.0,3,1,1,1092.0,88000.0
1237,2628.0,2,2,1,1626.0,175500.0
892,11184.0,3,2,1,1683.0,172500.0
275,8314.0,2,1,0,816.0,124500.0
116,3230.0,2,2,1,1458.0,176000.0
844,8000.0,6,2,0,1800.0,141000.0
581,14585.0,3,1,0,1429.0,181900.0
535,9056.0,3,2,1,1414.0,178000.0
591,8320.0,3,2,1,1582.0,185900.0
966,10237.0,3,2,1,1484.0,178900.0
1088,10574.0,3,2,1,1953.0,252000.0
659,17503.0,3,1,0,1458.0,97500.0
1366,7500.0,3,2,1,1674.0,216000.0
1094,9230.0,1,1,1,1200.0,146000.0
848,15523.0,3,1,0,864.0,133500.0
1238,12393.0,4,2,1,1948.0,195000.0
1166,9541.0,3,2,0,1502.0,233170.0
117,11616.0,3,1,0,1092.0,139000.0
936,5825.0,1,1,0,747.0,79900.0
930,13006.0,4,2,1,2236.0,222000.0
1130,7200.0,2,1,0,936.0,140000.0
1219,6240.0,2,1,0,912.0,80500.0
110,11751.0,3,2,0,1844.0,190000.0
1041,13125.0,3,2,0,1803.0,155000.0
158,12003.0,4,2,1,1968.0,269500.0
1177,6951.0,3,1,0,923.0,119500.0
854,12095.0,3,1,1,1445.0,158000.0
1078,15870.0,3,1,0,1096.0,138800.0
606,13600.0,3,2,1,1986.0,205000.0
1206,14684.0,3,2,0,2196.0,271900.0
1421,11700.0,3,2,1,1416.0,179900.0
1367,9179.0,3,2,1,1790.0,193000.0
183,9060.0,3,1,0,1340.0,120000.0
482,11846.0,2,2,0,1792.0,374000.0
1110,11362.0,3,2,0,1836.0,280000.0
456,9600.0,3,1,1,1242.0,175500.0
1026,7700.0,3,1,0,882.0,112500.0
176,12615.0,4,2,0,2158.0,243000.0
1174,18030.0,3,3,0,3086.0,200500.0
1046,13680.0,4,2,0,1733.0,139600.0
434,10839.0,3,2,1,1604.0,181000.0
328,11600.0,3,1,1,1383.0,145250.0
560,3196.0,2,2,0,1557.0,234000.0
267,11207.0,3,2,1,1511.0,185000.0
308,7920.0,3,1,0,1406.0,89500.0
1265,4060.0,2,2,0,1337.0,181000.0
904,14859.0,3,2,0,1670.0,240000.0
432,5586.0,4,1,0,1198.0,79900.0
307,13474.0,4,2,1,2243.0,225000.0
1278,17871.0,3,1,1,1724.0,197900.0
438,6000.0,2,1,0,904.0,119000.0
1071,10152.0,3,1,0,1048.0,135000.0
1400,6171.0,3,2,1,1608.0,137450.0
1161,2280.0,3,2,1,1456.0,146000.0
1279,9473.0,3,2,1,2031.0,237000.0
128,4388.0,3,1,0,840.0,87000.0
919,13125.0,4,2,1,2127.0,238000.0
88,3951.0,2,2,1,1224.0,164500.0
823,12394.0,3,2,1,1733.0,225000.0
1267,10120.0,4,1,1,1889.0,122000.0
484,4500.0,2,2,0,1216.0,164000.0
1137,9600.0,3,1,0,1252.0,119000.0
1420,16381.0,3,2,0,1844.0,223000.0
299,11700.0,3,1,2,1743.0,175000.0
1312,8814.0,3,2,0,1274.0,203000.0
344,8849.0,2,2,0,1684.0,266000.0
97,10264.0,3,2,0,1588.0,214000.0
415,11228.0,3,2,1,2097.0,228000.0
248,11310.0,2,1,0,1375.0,140000.0
1379,1953.0,2,1,1,987.0,83000.0
1436,8400.0,3,1,1,1537.0,174000.0
1119,13825.0,3,1,0,1601.0,140000.0
639,8777.0,2,1,0,796.0,85000.0
73,10141.0,3,2,1,1718.0,185000.0
894,13284.0,3,1,0,1383.0,165000.0
745,5395.0,2,2,0,1337.0,180000.0
1100,11880.0,3,2,0,1601.0,157000.0
870,9938.0,3,2,1,1949.0,236000.0
716,10140.0,3,2,0,1350.0,165000.0
331,10624.0,6,2,0,1728.0,119000.0
1374,11400.0,2,2,1,2633.0,466500.0
170,16669.0,2,2,1,1707.0,228000.0
697,6000.0,2,1,0,616.0,89000.0
427,12800.0,2,2,0,1644.0,275000.0
1259,9587.0,2,2,0,1166.0,190000.0
872,8750.0,3,2,1,1682.0,200500.0
787,10800.0,4,2,0,1652.0,139000.0
140,15426.0,3,2,1,1764.0,231500.0
734,10000.0,3,1,0,1144.0,131400.0
94,7200.0,4,2,0,2291.0,133900.0
613,11885.0,3,2,1,1872.0,261500.0
1086,9069.0,2,1,0,996.0,147000.0
641,12677.0,1,1,1,1518.0,274000.0
1025,15498.0,2,2,0,2898.0,287000.0
689,8089.0,2,2,0,1419.0,392000.0
1307,6955.0,2,2,0,1368.0,202500.0
3,11250.0,3,2,1,1786.0,223500.0
461,8004.0,3,2,1,1935.0,263435.0
342,8400.0,2,1,0,841.0,82000.0
801,12798.0,4,2,1,1688.0,200000.0
663,13560.0,2,1,0,1392.0,110000.0
269,6900.0,2,1,0,778.0,120500.0
818,13265.0,3,2,0,1689.0,271000.0
1358,12537.0,3,1,1,1078.0,149900.0
59,13682.0,3,3,1,2945.0,438780.0
899,12919.0,2,2,1,2364.0,611657.0
118,8536.0,2,1,1,1125.0,155000.0
1432,4928.0,2,2,0,958.0,143750.0
273,11764.0,4,2,1,2270.0,290000.0
1369,4435.0,1,1,0,848.0,144000.0
196,2280.0,3,2,1,1456.0,148500.0
1182,5587.0,2,2,0,1652.0,392500.0
1203,6000.0,3,1,0,1348.0,117000.0
1037,12898.0,2,2,0,1620.0,315500.0
890,12160.0,2,1,0,1505.0,149500.0
412,34650.0,3,1,0,1056.0,145000.0
932,9100.0,2,1,0,925.0,117500.0
784,9101.0,1,1,0,1110.0,165500.0
877,25286.0,3,1,0,1040.0,132250.0
202,10125.0,3,2,0,1279.0,171500.0
14,10652.0,3,2,0,1494.0,279500.0
406,9991.0,3,2,0,1620.0,150000.0
1155,13700.0,4,1,2,1820.0,201800.0
515,10594.0,2,1,0,789.0,96500.0
1014,7200.0,2,1,0,1022.0,85000.0
371,8121.0,3,2,1,1664.0,172400.0
316,7795.0,3,2,1,1432.0,188500.0
277,9196.0,3,2,0,1560.0,201000.0
941,12640.0,4,2,0,1728.0,150900.0
368,9150.0,3,1,0,1431.0,165000.0
1328,6600.0,3,1,0,816.0,130500.0
1445,8500.0,3,2,0,1422.0,179600.0
830,2544.0,2,2,1,1223.0,147400.0
744,12886.0,3,2,0,1464.0,175000.0
1256,6240.0,3,1,0,1367.0,127500.0
572,7332.0,2,1,0,864.0,120000.0
1427,10944.0,3,2,1,2127.0,271000.0
1057,7052.0,2,2,0,1364.0,185850.0
261,19296.0,3,1,0,1382.0,176000.0
816,12137.0,3,2,0,1661.0,224900.0
241,9000.0,3,2,0,1566.0,262500.0
650,1936.0,1,1,0,630.0,84500.0
82,4500.0,2,2,0,1337.0,153500.0
1221,7800.0,2,1,0,912.0,115000.0
105,7758.0,4,1,1,1818.0,169500.0
1198,8850.0,3,1,0,1690.0,144000.0
1306,13173.0,2,2,0,1652.0,325000.0
998,11717.0,2,2,0,1442.0,185000.0
691,4426.0,1,1,0,848.0,141000.0
1042,9130.0,4,1,1,1632.0,173000.0
85,8530.0,3,2,1,1474.0,168500.0
1027,9300.0,3,1,0,1264.0,167500.0
1084,8800.0,3,1,0,1251.0,160000.0
977,5900.0,2,1,0,869.0,85500.0
329,11888.0,5,2,0,2134.0,214500.0
865,8640.0,3,2,0,1372.0,250580.0
534,5000.0,1,1,0,334.0,39300.0
1061,4920.0,2,2,0,1338.0,213500.0
760,12257.0,4,2,1,2531.0,290000.0
7,10084.0,3,2,0,1694.0,307000.0
150,6240.0,3,1,0,1344.0,115000.0
399,8967.0,2,1,0,1077.0,67000.0
1009,12118.0,3,2,0,1710.0,240000.0
431,1680.0,2,1,1,987.0,85400.0
259,12435.0,3,2,1,1792.0,231500.0
795,10832.0,3,2,1,1895.0,194500.0
741,9600.0,2,2,0,1432.0,132000.0
661,12384.0,3,2,1,1935.0,197900.0
881,7024.0,2,1,1,1090.0,157000.0
785,6300.0,3,2,0,1484.0,128000.0
1117,7750.0,3,2,1,1419.0,184100.0
205,3500.0,2,1,1,1284.0,110000.0
164,5500.0,1,1,0,882.0,103200.0
149,7500.0,3,1,0,1080.0,141000.0
1205,10140.0,3,1,1,1074.0,153500.0
699,8450.0,3,1,0,894.0,138500.0
279,14450.0,3,2,1,2121.0,415298.0
1276,11345.0,4,2,0,1920.0,137000.0
1112,10480.0,4,2,1,1964.0,205000.0
805,9000.0,2,1,0,1128.0,118000.0
595,7990.0,3,1,0,924.0,110000.0
185,7438.0,3,1,0,1252.0,127000.0
281,11287.0,3,2,1,1982.0,228500.0
1093,8400.0,4,2,0,1694.0,136500.0
1260,9750.0,3,1,1,1054.0,151000.0
409,14154.0,3,2,1,2172.0,280000.0
34,10552.0,4,1,1,1700.0,165500.0
27,7200.0,3,1,0,900.0,134800.0
138,11070.0,5,3,0,1959.0,171000.0
1254,17542.0,3,2,1,2167.0,294000.0
951,7200.0,3,1,0,864.0,129000.0
1181,11170.0,4,2,1,2514.0,250000.0
683,2887.0,2,1,0,1291.0,173000.0
63,6442.0,2,2,0,1370.0,202500.0
946,8820.0,2,1,0,1869.0,124900.0
554,8777.0,2,2,0,1126.0,108000.0
915,3000.0,2,2,1,1224.0,173733.0
819,8816.0,3,1,0,1052.0,155000.0
782,7153.0,3,2,1,1603.0,175900.0
1040,1477.0,1,1,0,630.0,80000.0
365,18800.0,3,2,1,1574.0,190000.0
1118,9764.0,3,1,0,894.0,130000.0
167,10708.0,2,1,0,1867.0,190000.0
220,3010.0,2,2,0,1248.0,167240.0
529,9098.0,2,1,0,605.0,86000.0
911,11600.0,5,2,0,2274.0,154300.0
997,10659.0,3,1,0,1050.0,136500.0
265,5232.0,2,1,0,764.0,73000.0
435,1890.0,1,1,0,630.0,81000.0
1364,8499.0,3,2,1,1412.0,156932.0
1303,10120.0,4,2,1,2526.0,290000.0
1311,17500.0,3,2,0,1902.0,335000.0
8,10382.0,3,2,1,2090.0,200000.0
668,8125.0,3,2,0,1679.0,193500.0
218,9906.0,3,1,0,1328.0,107000.0
1018,5814.0,1,1,0,1360.0,187500.0
964,11923.0,2,2,0,1800.0,239000.0
545,17104.0,3,2,1,1496.0,179665.0
1077,10800.0,3,2,0,1466.0,170000.0
954,11075.0,4,2,1,1968.0,172000.0
370,9830.0,3,1,0,1287.0,162000.0
866,8750.0,3,1,0,1002.0,148500.0
77,8475.0,2,1,0,952.0,135750.0
817,11425.0,2,1,0,1008.0,137000.0
1053,9500.0,4,1,1,1977.0,165000.0
1204,9750.0,3,2,0,1630.0,213000.0
391,8405.0,4,1,0,1367.0,119000.0
957,1300.0,2,1,1,1229.0,124000.0
422,16635.0,3,2,0,1602.0,215000.0
1439,7407.0,2,1,0,1236.0,149700.0
829,28698.0,3,2,1,2126.0,185000.0
1343,9375.0,3,2,1,2169.0,228500.0
226,1680.0,3,2,1,1302.0,112000.0
323,10380.0,4,2,1,2730.0,301000.0
382,7200.0,2,2,0,1301.0,187750.0
703,12438.0,4,2,1,2576.0,361919.0
1371,5400.0,2,1,0,1374.0,105000.0
437,4400.0,2,1,0,1118.0,116000.0
943,7711.0,4,2,0,1440.0,150000.0
1333,8877.0,2,1,0,816.0,100000.0
588,8740.0,2,1,0,860.0,137000.0
679,11844.0,3,2,1,2046.0,372500.0
602,9000.0,3,1,1,1375.0,141000.0
855,17920.0,3,1,1,1779.0,170000.0
1287,9790.0,3,1,1,1328.0,143000.0
590,9100.0,2,1,0,935.0,79500.0
1044,11839.0,4,2,1,2329.0,262280.0
50,7742.0,3,1,0,955.0,127000.0
263,8471.0,3,1,0,1212.0,151000.0
1079,4435.0,1,1,0,848.0,155900.0
861,7642.0,3,1,1,1426.0,189950.0
840,11767.0,3,1,0,1200.0,130500.0
790,12205.0,5,2,1,2087.0,187500.0
637,6120.0,1,1,0,800.0,60000.0
445,8750.0,4,2,1,1908.0,210000.0
1036,11500.0,3,1,0,845.0,84000.0
889,15865.0,4,2,0,2217.0,268000.0
172,31770.0,3,1,0,1656.0,215000.0
353,9084.0,3,1,0,1111.0,95000.0
1451,9000.0,4,2,2,1792.0,136000.0
693,26178.0,4,2,1,2519.0,335000.0
1446,8400.0,3,1,0,913.0,129000.0
349,2448.0,2,2,1,1626.0,154000.0
973,7892.0,2,2,0,918.0,99500.0
45,7945.0,3,1,0,1150.0,141000.0
893,8414.0,3,1,0,1068.0,154500.0
216,10011.0,2,1,0,1236.0,134450.0
565,13346.0,4,2,1,2295.0,268000.0
603,10041.0,3,2,1,1915.0,220000.0
98,10921.0,3,1,0,960.0,94750.0
401,14963.0,1,1,1,1288.0,245500.0
521,10800.0,3,2,0,1294.0,106250.0
635,6979.0,0,0,0,1056.0,144000.0
26,14230.0,3,2,0,1600.0,256300.0
550,9375.0,4,2,1,2094.0,263000.0
139,9066.0,3,2,1,1852.0,230000.0
305,18386.0,3,3,0,3493.0,295000.0
751,8800.0,3,1,0,1140.0,96500.0
1073,7585.0,4,1,0,1456.0,91500.0
324,5820.0,3,1,0,1163.0,126175.0
84,8892.0,3,1,1,1065.0,126500.0
802,4800.0,2,1,0,1196.0,109900.0
119,12376.0,5,3,0,3222.0,320000.0
127,4928.0,2,2,0,958.0,128000.0
766,14587.0,2,2,0,1506.0,264132.0
46,7658.0,2,2,0,1752.0,319900.0
214,13568.0,3,1,0,990.0,156000.0
1269,14100.0,4,3,1,3447.0,381000.0
1373,9750.0,3,2,1,2097.0,274300.0
559,21872.0,3,2,1,1446.0,175000.0
1266,3735.0,3,2,1,1452.0,183900.0
1024,3182.0,2,2,0,1504.0,191000.0
74,10200.0,3,1,0,1086.0,144900.0
1052,11175.0,3,2,0,1316.0,200141.0
971,10800.0,4,1,1,1192.0,135000.0
1063,13600.0,5,2,0,2337.0,90000.0
1123,8926.0,3,1,0,960.0,112000.0
285,8012.0,2,2,0,1575.0,179200.0
1096,9317.0,3,2,0,1314.0,176432.0
187,9947.0,3,2,0,1217.0,173000.0
665,20896.0,1,1,1,2097.0,423000.0
612,10395.0,3,2,0,1032.0,148000.0
1329,10440.0,5,2,0,2792.0,256000.0
1098,3696.0,2,1,1,1088.0,170000.0
610,7943.0,3,1,0,1029.0,118500.0
1082,7500.0,3,1,1,1040.0,133000.0
983,3182.0,2,2,0,1266.0,159895.0
1188,12461.0,2,2,0,1624.0,262000.0
335,9042.0,3,2,1,1638.0,192000.0
532,6155.0,3,2,0,1362.0,128000.0
822,6000.0,2,1,0,936.0,93000.0
400,8125.0,2,2,0,1550.0,241000.0
236,1680.0,2,1,1,987.0,89500.0
453,9303.0,3,2,1,1756.0,204000.0
204,4438.0,1,1,0,848.0,149000.0
498,9120.0,4,2,0,1820.0,184000.0
807,9750.0,3,2,0,980.0,135500.0
475,5330.0,2,2,0,1652.0,251000.0
757,10769.0,3,2,1,1768.0,212000.0
1401,6000.0,3,1,0,1158.0,120000.0
274,9600.0,3,2,0,1632.0,139000.0
1153,14115.0,2,1,0,1811.0,230000.0
1152,17755.0,3,1,1,1466.0,149900.0
325,11275.0,5,2,1,2978.0,242000.0
1232,7728.0,3,1,0,1190.0,132500.0
56,10175.0,3,2,0,1425.0,180500.0
121,21453.0,1,1,0,988.0,180000.0
765,9549.0,2,1,1,1494.0,270000.0
1146,6240.0,3,1,0,1576.0,149000.0
159,12552.0,3,2,1,1947.0,254900.0
820,6371.0,2,2,0,1358.0,224000.0
168,10562.0,3,1,1,2161.0,325624.0
841,12155.0,4,2,0,1482.0,140000.0
91,7200.0,2,1,0,1040.0,109900.0
417,7844.0,3,1,1,1400.0,149500.0
852,3196.0,2,2,0,1456.0,215000.0
10,7420.0,2,1,0,1077.0,118000.0
1317,10226.0,3,2,0,1630.0,295493.0
1359,2117.0,3,2,1,1573.0,177500.0
1289,5664.0,2,2,0,1659.0,278000.0
1167,10475.0,3,2,0,1694.0,245350.0
1059,11308.0,3,2,1,2184.0,335000.0
301,15750.0,2,1,0,1336.0,157000.0
1034,8125.0,3,2,0,1654.0,230000.0
1106,12256.0,3,2,1,2622.0,325000.0
1257,14303.0,2,2,0,1987.0,301500.0
1250,7200.0,3,1,0,988.0,119000.0
243,5000.0,3,1,0,1440.0,79000.0
491,2665.0,3,1,1,1304.0,115000.0
296,7937.0,3,1,0,1003.0,142500.0
1196,8029.0,3,2,1,1456.0,176000.0
752,7750.0,3,2,1,1320.0,162000.0
1449,11767.0,2,1,1,1346.0,112000.0
369,7800.0,2,1,0,1268.0,132000.0
123,9464.0,3,1,0,1080.0,136000.0
1213,9340.0,2,1,0,672.0,113000.0
288,8125.0,3,1,0,858.0,88000.0
247,9142.0,4,2,0,1928.0,137000.0
669,14175.0,3,1,1,1437.0,168000.0
864,7931.0,3,1,0,1148.0,132500.0
161,11120.0,3,2,0,1232.0,162500.0
512,6792.0,2,2,0,1368.0,202665.0
1131,7804.0,4,2,0,1981.0,135000.0
1072,11700.0,4,1,1,1556.0,154000.0
623,7064.0,3,1,0,980.0,135000.0
476,8480.0,2,1,0,970.0,132500.0
166,10106.0,4,2,0,1355.0,127500.0
1032,15863.0,5,2,1,3082.0,197000.0
321,16259.0,4,3,1,2596.0,342643.0
320,14115.0,3,2,0,1472.0,187500.0
544,4058.0,1,1,0,767.0,133000.0
1240,9037.0,2,2,0,1484.0,265900.0
242,3880.0,2,1,0,866.0,110500.0
209,14364.0,3,2,1,2062.0,277000.0
965,11316.0,4,2,1,1894.0,214900.0
270,7917.0,3,1,1,1113.0,148000.0
346,6435.0,3,1,0,1577.0,140200.0
385,53107.0,3,2,1,1953.0,240000.0
103,7018.0,4,2,0,1535.0,118964.0
925,10240.0,3,2,0,1686.0,207500.0
182,7588.0,4,1,1,1802.0,200100.0
685,16770.0,4,2,1,1839.0,221000.0
1132,10712.0,3,1,0,974.0,93500.0
1151,8280.0,2,1,0,932.0,124000.0
675,9200.0,3,1,0,1136.0,140000.0
686,5062.0,3,2,0,2090.0,207500.0
1335,2368.0,3,1,1,1365.0,125000.0
1404,15256.0,3,2,0,1464.0,282922.0
1050,11100.0,2,1,0,930.0,84900.0
903,7875.0,3,2,1,1509.0,180000.0
871,6600.0,2,1,0,894.0,109500.0
411,9571.0,3,1,0,1276.0,60000.0
1423,4435.0,1,1,0,848.0,136500.0
1361,9842.0,4,3,1,2601.0,189000.0
922,8777.0,4,2,2,2200.0,145900.0
847,9317.0,3,2,1,1775.0,213000.0
1058,29959.0,3,2,1,1850.0,248000.0
1191,32463.0,3,1,0,1622.0,168000.0
258,8814.0,3,2,1,1604.0,220000.0
618,7227.0,2,1,0,832.0,105500.0
337,14157.0,3,2,0,1922.0,377426.0
115,7259.0,3,2,1,2320.0,259500.0
13,12968.0,2,1,0,912.0,144000.0
800,7200.0,3,1,1,1768.0,175000.0
280,10005.0,4,2,1,2022.0,192000.0
2,9600.0,3,2,0,1262.0,181500.0
809,13400.0,3,1,0,1086.0,159950.0
352,5271.0,2,1,1,1453.0,190000.0
1368,2665.0,4,2,0,1475.0,127000.0
758,11616.0,3,2,1,1386.0,158900.0
1397,57200.0,3,1,0,1687.0,160000.0
17,11241.0,2,1,0,1004.0,149000.0
379,11394.0,1,1,1,1856.0,394432.0
488,12243.0,3,2,0,1484.0,175000.0
1245,11435.0,3,1,0,1517.0,230000.0
388,7200.0,3,1,0,1125.0,125000.0
1384,25339.0,3,2,0,1416.0,112000.0
793,9920.0,3,2,1,2013.0,269790.0
571,13101.0,6,2,0,1728.0,142600.0
680,9945.0,3,1,0,988.0,128500.0
633,11900.0,3,2,0,1411.0,82500.0
776,4500.0,2,2,0,1204.0,162000.0
284,9612.0,3,2,0,1468.0,244600.0
1304,8688.0,3,2,0,1616.0,232000.0
1239,13072.0,3,1,1,1141.0,142500.0
93,13360.0,2,1,0,964.0,163500.0
1103,7000.0,2,1,0,1134.0,135000.0
1452,9262.0,3,2,0,1578.0,287090.0
522,11988.0,3,1,1,1244.0,150000.0
979,9450.0,3,1,0,894.0,110000.0
1334,7200.0,2,1,1,1360.0,125500.0
1048,9245.0,3,1,0,990.0,145000.0
357,9248.0,3,2,0,1167.0,173000.0
389,9382.0,3,2,0,1479.0,191000.0
1425,9503.0,2,1,0,1344.0,144000.0
596,11302.0,3,2,0,1826.0,319000.0
486,9600.0,3,1,0,1113.0,147000.0
838,1680.0,2,1,1,987.0,100000.0
806,12274.0,3,2,0,1428.0,227680.0
563,13907.0,3,1,0,996.0,108000.0
664,10012.0,3,2,0,1181.0,137500.0
988,10159.0,3,2,1,1940.0,395192.0
381,5000.0,3,2,0,1691.0,127000.0
882,13758.0,3,2,1,1717.0,187500.0
1006,8385.0,3,2,0,985.0,149900.0
963,2308.0,3,2,1,1548.0,155000.0
252,4750.0,2,2,0,1625.0,235000.0
1403,6762.0,2,2,0,1294.0,193879.0
1208,9135.0,3,2,0,1700.0,200000.0
601,10927.0,3,2,1,1904.0,275000.0
908,11500.0,3,1,1,2057.0,250000.0
502,9803.0,3,2,1,1768.0,226700.0
133,7388.0,3,1,0,1327.0,150750.0
1411,12420.0,3,2,1,1840.0,230000.0
483,2500.0,4,1,1,1826.0,155000.0
777,11210.0,3,2,0,1614.0,221500.0
375,8200.0,4,2,1,1928.0,219500.0
256,8738.0,4,2,1,2291.0,230000.0
653,8750.0,2,2,1,1716.0,191000.0
1185,35133.0,3,1,1,1572.0,186700.0
594,4435.0,1,1,0,848.0,140000.0
24,4224.0,3,1,0,1060.0,129900.0
845,12665.0,4,1,1,1416.0,153900.0
1068,9760.0,4,1,1,1611.0,167900.0
1004,11500.0,4,2,0,1680.0,136905.0
525,11787.0,3,2,1,2398.0,315750.0
1391,9100.0,3,2,0,1525.0,235000.0
614,8402.0,3,1,0,1120.0,147000.0
297,13710.0,4,1,1,1558.0,152000.0
1121,8263.0,2,1,0,1012.0,118400.0
1120,7560.0,3,1,0,1040.0,133700.0
1319,14781.0,3,2,0,1787.0,275000.0
538,12735.0,3,1,0,864.0,111250.0
1111,8000.0,3,2,1,1658.0,188000.0
584,13500.0,3,3,1,2775.0,325000.0
200,9591.0,3,2,0,1713.0,274900.0
294,16659.0,3,2,1,2263.0,235000.0
621,8248.0,2,1,0,864.0,67000.0
1029,9492.0,3,1,0,1376.0,105000.0
1295,8172.0,2,1,0,864.0,115000.0
880,7000.0,3,1,0,864.0,136500.0
47,12822.0,1,1,1,2149.0,239686.0
1176,10678.0,4,2,1,2872.0,285000.0
191,10570.0,3,2,1,2727.0,315000.0
1135,8773.0,3,2,1,1600.0,169000.0
1159,11932.0,3,2,0,1580.0,235128.0
107,10800.0,2,1,0,1047.0,100000.0
996,4712.0,3,1,1,1230.0,121600.0
558,11040.0,3,1,1,1336.0,108000.0
52,6240.0,3,1,0,1176.0,114500.0
1297,8700.0,3,2,0,1128.0,155000.0
725,13286.0,3,2,0,1698.0,320000.0
898,7018.0,6,2,0,2240.0,142953.0
1431,21930.0,4,2,1,1838.0,192140.0
513,9100.0,3,1,0,864.0,129900.0
451,5684.0,2,1,0,813.0,110000.0
130,8973.0,3,1,1,1053.0,150000.0
1416,3635.0,1,2,0,1569.0,175900.0
272,39104.0,2,1,0,1363.0,241500.0
78,8635.0,2,1,0,1285.0,127000.0
1001,10206.0,2,1,0,944.0,82000.0
474,14977.0,2,2,0,1976.0,440000.0
1424,19690.0,4,2,0,2201.0,274970.0
447,16492.0,2,2,1,1888.0,190000.0
1089,2522.0,3,2,0,1709.0,137500.0
1020,3013.0,2,2,0,1506.0,213490.0
562,10010.0,2,1,0,1389.0,170000.0
879,11782.0,3,1,0,1155.0,148000.0
1428,10930.0,3,1,1,1558.0,140000.0
1162,14778.0,3,1,0,1640.0,224000.0
1126,10434.0,2,1,0,1005.0,115000.0
546,13837.0,4,2,1,2183.0,229000.0
283,5063.0,2,2,0,1314.0,207500.0
773,7819.0,3,1,0,1117.0,107000.0
749,10593.0,3,2,0,1720.0,260400.0
1102,9758.0,3,1,0,950.0,119500.0
1186,9738.0,4,1,0,1221.0,104900.0
332,8176.0,3,1,0,1056.0,139000.0
290,8730.0,3,1,0,1396.0,153575.0
174,10197.0,3,1,1,1362.0,163000.0
44,9200.0,3,1,0,938.0,130250.0
1313,9572.0,4,2,1,2810.0,302000.0
1226,10482.0,3,1,0,1138.0,145000.0
905,6173.0,3,1,0,902.0,125500.0
1332,10780.0,3,1,0,954.0,132500.0
895,7018.0,4,2,0,1535.0,118858.0
1207,8900.0,2,1,0,1056.0,107000.0
824,9900.0,3,2,0,1489.0,139500.0
377,8846.0,2,1,0,914.0,148000.0
367,9500.0,3,1,1,1394.0,159000.0
885,7150.0,3,1,0,892.0,100000.0
557,14850.0,2,1,0,1092.0,141000.0
1107,10357.0,3,2,0,1442.0,179900.0
1235,8525.0,4,1,1,1964.0,130000.0
509,9600.0,3,2,0,1378.0,161000.0
16,6120.0,2,1,0,854.0,132000.0
363,7301.0,4,3,0,1922.0,198500.0
767,10421.0,3,2,1,1714.0,196500.0
627,12342.0,3,1,0,1422.0,139900.0
924,8012.0,2,2,0,1617.0,193000.0
396,9571.0,3,1,0,1144.0,129000.0
1115,5400.0,2,1,0,833.0,117000.0
397,7200.0,2,1,0,894.0,123000.0
373,7175.0,2,1,0,752.0,125000.0
775,14226.0,3,2,0,1973.0,395000.0
1376,10991.0,3,2,0,1571.0,239000.0
257,8791.0,3,2,1,1728.0,207500.0
496,7879.0,2,1,0,720.0,34900.0
975,11414.0,3,1,0,2019.0,167500.0
175,12416.0,3,2,0,1651.0,184000.0
1351,11643.0,6,2,2,2634.0,200000.0
1349,16196.0,3,2,0,1494.0,215000.0
794,9158.0,3,2,0,1496.0,225000.0
701,14331.0,3,2,0,1800.0,312500.0
667,18450.0,3,2,1,2380.0,129000.0
681,8012.0,2,2,0,923.0,143000.0
709,9018.0,3,2,1,1456.0,179540.0
780,10530.0,2,1,0,1004.0,135000.0
311,7685.0,3,2,1,1501.0,165600.0
1129,11796.0,4,2,1,1959.0,215000.0
1229,8769.0,1,1,1,1702.0,367294.0
429,6762.0,2,2,0,1208.0,195400.0
1275,5362.0,3,2,0,1250.0,139000.0
814,9750.0,4,1,1,1442.0,157900.0
201,8546.0,2,2,0,1121.0,140000.0
51,13869.0,3,2,0,1470.0,177000.0
472,11952.0,3,2,1,1969.0,190000.0
122,6060.0,3,1,0,1123.0,100000.0
211,5604.0,2,1,0,864.0,98000.0
1390,6000.0,3,1,0,1218.0,131000.0
707,115149.0,2,2,0,1824.0,302000.0
730,6240.0,2,1,0,1208.0,103000.0
1147,11200.0,3,2,0,1298.0,180000.0
812,4438.0,1,1,0,848.0,144500.0
75,5790.0,3,2,0,1605.0,107400.0
1122,10084.0,3,2,0,1552.0,212900.0
1217,8930.0,4,2,0,1902.0,112000.0
464,11988.0,3,1,1,1660.0,188700.0
1017,11883.0,3,2,0,1504.0,203000.0
1170,35760.0,4,3,1,3627.0,625000.0
1183,15623.0,4,3,1,4476.0,745000.0
859,10400.0,3,2,0,1370.0,152000.0
1262,9600.0,2,1,0,1050.0,128900.0
834,10004.0,3,1,1,1516.0,167000.0
1326,3636.0,2,1,0,796.0,55000.0
318,9000.0,3,2,1,1959.0,270000.0
287,9786.0,3,1,1,1734.0,159000.0
912,9286.0,3,1,1,1268.0,143500.0
402,8767.0,3,2,0,1310.0,164990.0
945,14375.0,3,1,0,1344.0,137500.0
1285,9638.0,4,2,0,2447.0,169000.0
624,2117.0,2,2,1,1512.0,168500.0
1430,12546.0,3,2,0,1440.0,182900.0
717,10800.0,3,1,1,2554.0,159500.0
180,8520.0,2,1,0,968.0,100000.0
1277,12936.0,3,1,1,1395.0,162000.0
1081,11040.0,3,2,0,1258.0,145000.0
1160,9120.0,4,2,1,1876.0,185000.0
956,7136.0,4,2,0,1958.0,145000.0
18,10791.0,2,2,0,1296.0,90000.0
76,1596.0,2,1,0,988.0,91000.0
1314,14774.0,4,2,1,2599.0,333168.0
1158,5001.0,2,2,0,1314.0,230000.0
733,11404.0,3,2,1,2031.0,222500.0
533,7200.0,2,1,0,827.0,107500.0
976,2651.0,3,2,1,1382.0,165000.0
731,5389.0,2,2,0,1616.0,236500.0
1365,3180.0,2,2,1,1200.0,144152.0
235,7851.0,4,2,1,1960.0,216500.0
1246,12090.0,3,3,1,1868.0,178000.0
1128,14572.0,3,2,0,1530.0,259000.0
497,12692.0,4,3,0,3228.0,430000.0
186,22950.0,4,2,1,3608.0,475000.0
108,6000.0,2,1,0,789.0,115000.0
518,10208.0,3,2,1,2344.0,265000.0
723,8120.0,3,1,0,864.0,124500.0
720,9920.0,3,1,1,971.0,128500.0
1076,13125.0,3,1,1,1740.0,219500.0
1398,6120.0,4,1,1,1513.0,137500.0
395,10134.0,2,1,0,1034.0,109000.0
519,9531.0,3,2,1,1796.0,211000.0
1283,8800.0,3,2,0,1040.0,150500.0
441,15431.0,2,2,0,2402.0,555000.0
874,12144.0,3,1,0,1268.0,133000.0
1352,9247.0,4,1,1,1716.0,171000.0
568,10171.0,3,2,0,1535.0,214000.0
1092,2160.0,2,2,1,1252.0,160000.0
403,10200.0,2,1,0,672.0,108000.0
124,7892.0,2,2,0,1199.0,153900.0
726,6960.0,3,1,0,864.0,120500.0
35,7313.0,2,2,0,1561.0,277500.0
492,9490.0,3,1,0,1578.0,133000.0
1372,9600.0,3,1,0,1661.0,165500.0
927,11999.0,4,2,1,2374.0,285000.0
1302,7500.0,3,1,0,1494.0,177500.0
1189,8935.0,3,2,1,1660.0,195000.0
789,6000.0,2,1,0,901.0,107900.0
719,10542.0,3,2,1,2418.0,341000.0
372,17120.0,4,2,0,1588.0,134432.0
20,7560.0,3,1,0,1339.0,139000.0
530,32668.0,4,3,0,2515.0,200624.0
348,17600.0,3,2,0,1478.0,157500.0
96,9765.0,3,2,1,1470.0,185000.0
808,21384.0,3,1,1,1576.0,223500.0
1251,11160.0,3,2,1,2110.0,244000.0
1360,16737.0,3,2,0,1980.0,315000.0
43,9180.0,2,1,0,884.0,144000.0
29,16321.0,2,1,0,1600.0,207500.0
404,12090.0,4,2,1,2263.0,258000.0
984,11250.0,4,2,1,2290.0,255900.0
141,10500.0,3,1,0,864.0,115000.0
692,21535.0,4,3,1,4316.0,755000.0
753,9236.0,3,2,0,1494.0,217000.0
334,8198.0,2,2,0,1358.0,207000.0
1157,9350.0,3,2,0,1265.0,179900.0
914,6270.0,4,2,0,2002.0,145000.0
362,9144.0,3,1,0,1505.0,145000.0
155,11340.0,4,1,0,1200.0,125000.0
6,14115.0,1,1,1,1362.0,143000.0
934,8487.0,3,2,0,1500.0,190000.0
154,13500.0,1,1,0,1252.0,235000.0
1230,7910.0,4,2,0,1507.0,127000.0
1300,7500.0,3,1,1,1246.0,154000.0
620,12244.0,4,2,1,2262.0,305000.0
1340,9560.0,3,1,0,864.0,128500.0
22,7449.0,3,1,0,1108.0,139400.0
1252,3136.0,2,2,0,1405.0,171750.0
1031,7082.0,5,2,0,1928.0,160000.0
1377,6292.0,2,1,0,790.0,91000.0
1038,9240.0,3,2,1,2263.0,287000.0
1172,9120.0,3,1,0,1261.0,163000.0
419,8160.0,3,1,1,1134.0,126000.0
909,8885.0,2,1,0,902.0,131000.0
1113,7100.0,2,1,0,816.0,129900.0
459,5100.0,3,1,0,1666.0,161000.0
444,3922.0,2,2,0,1258.0,172500.0
1271,23595.0,0,0,1,1524.0,260000.0
1264,13515.0,3,1,0,1824.0,180500.0
39,7922.0,3,1,0,1057.0,109000.0
754,10240.0,3,2,1,2098.0,275500.0
181,2117.0,3,2,1,1525.0,177000.0
527,13300.0,2,1,0,928.0,132000.0
677,9600.0,4,2,0,1774.0,87000.0
1448,10000.0,3,2,1,2090.0,240000.0
970,10382.0,2,1,0,1095.0,140000.0
1127,3684.0,2,2,0,1555.0,174000.0
598,3922.0,2,0,2,1402.0,194201.0
678,9022.0,2,1,0,792.0,109500.0
452,70761.0,2,2,0,1533.0,280000.0
251,5350.0,3,1,0,1306.0,76500.0
54,50271.0,0,0,1,1842.0,385000.0
276,7264.0,3,2,1,1548.0,205000.0
81,13000.0,4,2,1,2142.0,193500.0
1178,3950.0,3,1,0,1224.0,115000.0
137,10355.0,3,2,0,1214.0,143000.0
414,8960.0,2,1,0,1028.0,115000.0
605,12803.0,3,2,0,1494.0,221000.0
72,7599.0,2,1,0,845.0,129500.0
1165,16157.0,2,1,1,1432.0,194000.0
66,9591.0,4,2,1,2473.0,317000.0
1211,11218.0,3,2,1,1845.0,189000.0
442,12108.0,4,2,0,1440.0,118000.0
309,12342.0,1,1,0,861.0,82500.0
506,7596.0,4,2,0,1960.0,124500.0
900,6993.0,3,1,0,1236.0,135000.0
622,10800.0,4,2,1,2614.0,240000.0
729,11475.0,4,2,0,1776.0,110000.0
648,10452.0,3,1,0,1094.0,155000.0
1105,2016.0,3,2,1,1302.0,106000.0
736,10800.0,2,1,1,1768.0,163000.0
1318,4230.0,2,2,0,1352.0,208900.0
607,12464.0,3,1,0,1040.0,152000.0
237,8773.0,3,2,0,1414.0,185500.0
1294,10140.0,4,2,1,1664.0,162900.0
962,12227.0,4,2,1,2872.0,272000.0
1437,9000.0,3,1,0,864.0,120500.0
393,8339.0,3,1,0,882.0,106500.0
1180,8335.0,3,1,0,1124.0,93000.0
961,7207.0,2,1,0,858.0,116500.0
32,8544.0,3,1,1,1228.0,149350.0
797,8197.0,3,1,1,1285.0,143500.0
1363,12513.0,4,2,0,1738.0,104900.0
1381,8212.0,2,1,0,864.0,58500.0
625,10400.0,4,1,2,1790.0,165150.0
1035,6305.0,2,1,0,954.0,119750.0
743,8450.0,3,2,0,1349.0,179000.0
162,13688.0,3,2,1,2668.0,412500.0
1341,8294.0,3,1,0,872.0,123000.0
748,11700.0,4,1,1,2640.0,265979.0
1438,12444.0,2,2,0,1932.0,394617.0
873,8892.0,3,1,0,910.0,116000.0
466,3072.0,2,2,0,1414.0,178740.0
1454,17217.0,3,1,0,1140.0,84500.0
849,45600.0,5,3,0,2358.0,240000.0
282,7200.0,2,2,0,1262.0,185000.0
791,3182.0,2,2,0,1145.0,160200.0
615,1491.0,1,1,0,630.0,75500.0
1064,6000.0,2,1,0,1103.0,110500.0
298,7399.0,3,2,1,1950.0,239000.0
1148,12000.0,3,1,1,1564.0,174500.0
